{
    "conversas": [
        {
            "mensagens": [
                "olá",
                "oi",
                "bom dia",
                "boa tarde",
                "boa noite"
            ],
            "resposta": "Olá! Bem-vindo à Assistência Técnica Eletrônica. Posso ajudar com status de OS, horários ou dúvidas sobre garantia."
        },
        {
            "mensagens": [
                "quem é você?",
                "qual seu nome?",
                "o que você faz?"
            ],
            "resposta": "Sou o assistente virtual da oficina. Estou aqui para agilizar seu atendimento e tirar dúvidas frequentes."
        },
        {
            "mensagens": [
                "tchau",
                "até logo",
                "sair",
                "encerrar",
                "obrigado"
            ],
            "resposta": "Agradecemos o contato! Estamos à disposição."
        }
    ]
}